step,train_acc
0,0.09375
100,0.9375
200,0.9765625
300,0.984375
400,0.984375
500,1.0
600,0.984375
700,0.9921875
800,0.984375
900,0.984375
1000,0.984375
1100,1.0
